timestamp,eua_eur,eua_usd,eua_vlsfo_usd_mt,eua_mgo_usd_mt,eua_hfo_usd_mt
23/08/2025 19:01,72.53,85.02,187.53,190.8,185.33
24/08/2025 02:07,72.53,85.02,187.53,190.8,185.33
24/08/2025 08:28,72.53,85.02,187.53,190.8,185.33
24/08/2025 16:27,72.53,85.02,187.53,190.8,185.33
25/08/2025 02:01,72.53,85.02,187.53,190.8,185.33
25/08/2025 08:34,72.53,85.02,187.53,190.8,185.33
25/08/2025 16:31,72.53,85.02,187.53,190.8,185.33
26/08/2025 01:57,72.21,83.86,184.98,188.21,182.81
26/08/2025 12:28,72.21,83.86,184.98,188.21,182.81
26/08/2025 18:18,72.21,83.86,184.98,188.21,182.81
27/08/2025 01:01,72.28,84.19,185.7,188.94,183.52
27/08/2025 06:19,72.28,84.19,185.7,188.94,183.52
27/08/2025 12:26,72.28,84.19,185.7,188.94,183.52
27/08/2025 18:18,72.28,84.19,185.7,188.94,183.52
28/08/2025 01:00,72.61,84.58,186.56,189.81,184.37
28/08/2025 06:20,72.61,84.58,186.56,189.81,184.37
28/08/2025 12:26,72.61,84.58,186.56,189.81,184.37
28/08/2025 18:18,72.61,84.58,186.56,189.81,184.37
29/08/2025 01:00,71.83,83.88,185.01,188.24,182.84
29/08/2025 06:19,71.83,83.88,185.01,188.24,182.84
29/08/2025 12:25,71.83,83.88,185.01,188.24,182.84
29/08/2025 18:18,71.83,83.88,185.01,188.24,182.84
30/08/2025 00:57,71.83,83.88,185.01,188.24,182.84
30/08/2025 06:17,71.83,83.88,185.01,188.24,182.84
30/08/2025 12:22,71.83,83.88,185.01,188.24,182.84
30/08/2025 18:16,71.83,83.88,185.01,188.24,182.84
31/08/2025 01:04,71.83,83.88,185.01,188.24,182.84
31/08/2025 06:17,71.83,83.88,185.01,188.24,182.84
31/08/2025 12:23,71.83,83.88,185.01,188.24,182.84
31/08/2025 18:16,71.83,83.88,185.01,188.24,182.84
01/09/2025 01:11,71.83,83.88,185.01,188.24,182.84
01/09/2025 06:21,72.33,84.51,186.4,189.66,184.22
01/09/2025 12:27,72.33,84.51,186.4,189.66,184.22
01/09/2025 18:17,72.33,84.51,186.4,189.66,184.22
02/09/2025 01:01,73.67,86.28,190.32,193.64,188.08
02/09/2025 06:20,73.67,86.28,190.32,193.64,188.08
02/09/2025 12:26,73.67,86.28,190.32,193.64,188.08
02/09/2025 18:16,73.67,86.28,190.32,193.64,188.08
03/09/2025 00:57,74.28,85.98,189.65,192.96,187.42
03/09/2025 06:18,74.28,85.98,189.65,192.96,187.42
03/09/2025 12:25,74.28,85.98,189.65,192.96,187.42
03/09/2025 18:18,74.28,85.98,189.65,192.96,187.42
04/09/2025 00:57,74.23,86.56,190.93,194.26,188.68
04/09/2025 06:19,74.23,86.56,190.93,194.26,188.68
04/09/2025 12:26,74.23,86.56,190.93,194.26,188.68
04/09/2025 18:17,74.23,86.56,190.93,194.26,188.68
05/09/2025 00:59,75.17,87.58,193.19,196.56,190.92
05/09/2025 06:19,75.17,87.58,193.19,196.56,190.92
05/09/2025 12:24,75.17,87.58,193.19,196.56,190.92
05/09/2025 18:17,75.17,87.58,193.19,196.56,190.92
06/09/2025 00:57,75.83,88.83,195.94,199.36,193.64
06/09/2025 06:16,75.83,88.83,195.94,199.36,193.64
06/09/2025 12:21,75.83,88.83,195.94,199.36,193.64
06/09/2025 18:15,75.83,88.83,195.94,199.36,193.64
07/09/2025 01:03,75.83,88.83,195.94,199.36,193.64
07/09/2025 06:17,75.83,88.83,195.94,199.36,193.64
07/09/2025 12:22,75.83,88.83,195.94,199.36,193.64
07/09/2025 18:15,75.83,88.83,195.94,199.36,193.64
08/09/2025 01:02,75.83,88.83,195.94,199.36,193.64
08/09/2025 06:20,75.83,88.83,195.94,199.36,193.64
08/09/2025 12:27,75.83,88.83,195.94,199.36,193.64
08/09/2025 18:19,75.83,88.83,195.94,199.36,193.64
09/09/2025 01:00,76.42,89.76,195.94,199.36,193.64
09/09/2025 06:20,76.42,89.76,197.98,201.44,195.66
09/09/2025 12:27,76.42,89.76,197.98,201.44,195.66
09/09/2025 18:16,76.42,89.76,197.98,201.44,195.66
10/09/2025 00:58,76.42,89.76,197.98,201.44,195.66
10/09/2025 06:19,76.61,89.66,197.76,201.22,195.44
10/09/2025 12:25,76.61,89.66,197.76,201.22,195.44
10/09/2025 18:18,76.61,89.66,197.76,201.22,195.44
11/09/2025 00:59,76.92,90.02,198.56,202.02,196.23
11/09/2025 06:19,76.92,90.02,198.56,202.02,196.23
11/09/2025 12:24,76.92,90.02,198.56,202.02,196.23
11/09/2025 18:15,76.92,90.02,198.56,202.02,196.23
12/09/2025 06:19,76.3,89.55,197.51,200.96,195.19
12/09/2025 12:24,76.3,89.55,197.51,200.96,195.19
12/09/2025 18:15,76.3,89.55,197.51,200.96,195.19
13/09/2025 06:16,75.56,88.59,195.41,198.82,193.12
13/09/2025 12:22,75.56,88.59,195.41,198.82,193.12
13/09/2025 18:15,75.56,88.59,195.41,198.82,193.12
14/09/2025 01:03,75.56,88.59,195.41,198.82,193.12
14/09/2025 06:17,75.56,88.59,195.41,198.82,193.12
14/09/2025 12:21,75.56,88.59,195.41,198.82,193.12
14/09/2025 18:15,75.56,88.59,195.41,198.82,193.12
15/09/2025 01:03,75.56,88.59,195.41,198.82,193.12
15/09/2025 06:20,75.56,88.59,195.41,198.82,193.12
15/09/2025 12:26,75.56,88.59,195.41,198.82,193.12
15/09/2025 18:18,75.56,88.59,195.41,198.82,193.12
16/09/2025 00:58,76.08,89.5,197.42,200.87,195.1
16/09/2025 06:19,76.08,89.5,197.42,200.87,195.1
16/09/2025 12:26,76.08,89.5,197.42,200.87,195.1
16/09/2025 18:18,76.08,89.5,197.42,200.87,195.1
17/09/2025 00:58,77.38,91.85,202.59,206.13,200.22
17/09/2025 06:20,77.38,91.85,202.59,206.13,200.22
17/09/2025 12:26,77.38,91.85,202.59,206.13,200.22
17/09/2025 18:18,77.38,91.85,202.59,206.13,200.22
18/09/2025 00:58,77.55,91.62,202.1,205.62,199.72
18/09/2025 06:19,77.55,91.62,202.1,205.62,199.72
18/09/2025 12:25,77.55,91.62,202.1,205.62,199.72
18/09/2025 18:18,77.55,91.62,202.1,205.62,199.72
19/09/2025 01:00,77.53,91.39,201.57,205.09,199.2
19/09/2025 06:19,77.53,91.39,201.57,205.09,199.2
19/09/2025 12:26,77.53,91.39,201.57,205.09,199.2
19/09/2025 18:17,77.53,91.39,201.57,205.09,199.2
20/09/2025 00:57,77.38,90.89,200.47,203.96,198.11
20/09/2025 06:17,77.38,90.89,200.47,203.96,198.11
20/09/2025 12:22,77.38,90.89,200.47,203.96,198.11
20/09/2025 18:15,77.38,90.89,200.47,203.96,198.11
21/09/2025 01:04,77.38,90.89,200.47,203.96,198.11
21/09/2025 06:18,77.38,90.89,200.47,203.96,198.11
21/09/2025 12:22,77.38,90.89,200.47,203.96,198.11
21/09/2025 18:16,77.38,90.89,200.47,203.96,198.11
22/09/2025 01:04,77.38,90.89,200.47,203.96,198.11
22/09/2025 06:21,77.38,90.89,200.47,203.96,198.11
22/09/2025 12:26,77.38,90.89,200.47,203.96,198.11
22/09/2025 18:18,77.38,90.89,200.47,203.96,198.11
23/09/2025 00:58,77.38,90.89,200.47,203.96,198.11
23/09/2025 06:20,76.78,90.58,199.78,203.27,197.44
23/09/2025 12:25,76.78,90.58,199.78,203.27,197.44
23/09/2025 18:19,76.78,90.58,199.78,203.27,197.44
24/09/2025 00:59,76.51,90.39,199.38,202.86,197.04
24/09/2025 06:20,76.51,90.39,199.38,202.86,197.04
24/09/2025 12:26,76.51,90.39,199.38,202.86,197.04
24/09/2025 18:18,76.51,90.39,199.38,202.86,197.04
25/09/2025 00:59,76.28,89.59,197.61,201.06,195.29
25/09/2025 06:20,76.28,89.59,197.61,201.06,195.29
25/09/2025 12:27,76.28,89.59,197.61,201.06,195.29
25/09/2025 18:19,76.28,89.59,197.61,201.06,195.29
26/09/2025 00:59,76.28,89.59,197.61,201.06,195.29
26/09/2025 06:19,76.0,88.67,195.58,198.99,193.28
26/09/2025 12:25,76.0,88.67,195.58,198.99,193.28
26/09/2025 18:16,76.0,88.67,195.58,198.99,193.28
27/09/2025 00:57,75.6,88.47,195.14,198.54,192.85
27/09/2025 06:16,75.6,88.47,195.14,198.54,192.85
27/09/2025 12:22,75.6,88.47,195.14,198.54,192.85
27/09/2025 18:15,75.6,88.47,195.14,198.54,192.85
28/09/2025 01:05,75.6,88.47,195.14,198.54,192.85
28/09/2025 06:18,75.6,88.47,195.14,198.54,192.85
28/09/2025 12:22,75.6,88.47,195.14,198.54,192.85
28/09/2025 18:15,75.6,88.47,195.14,198.54,192.85
29/09/2025 01:01,75.6,88.47,195.14,198.54,192.85
29/09/2025 06:21,75.6,88.47,195.14,198.54,192.85
29/09/2025 12:27,75.6,88.47,195.14,198.54,192.85
29/09/2025 18:19,75.6,88.47,195.14,198.54,192.85
30/09/2025 01:00,76.02,89.15,196.64,200.07,194.33
30/09/2025 06:20,76.02,89.15,196.64,200.07,194.33
30/09/2025 12:27,76.02,89.15,196.64,200.07,194.33
30/09/2025 18:17,76.02,89.15,196.64,200.07,194.33
01/10/2025 01:06,76.14,89.34,197.06,200.5,194.74
01/10/2025 06:20,76.14,89.34,197.06,200.5,194.74
01/10/2025 12:27,76.14,89.34,197.06,200.5,194.74
01/10/2025 18:18,76.14,89.34,197.06,200.5,194.74
02/10/2025 00:58,75.53,88.59,195.4,198.81,193.11
02/10/2025 06:19,75.53,88.59,195.4,198.81,193.11
02/10/2025 12:24,75.53,88.59,195.4,198.81,193.11
02/10/2025 18:18,75.53,88.59,195.4,198.81,193.11
03/10/2025 00:58,76.95,90.17,198.9,202.37,196.56
03/10/2025 06:19,76.95,90.17,198.9,202.37,196.56
03/10/2025 12:25,76.95,90.17,198.9,202.37,196.56
03/10/2025 18:18,76.95,90.17,198.9,202.37,196.56
04/10/2025 00:56,78.53,92.19,203.35,206.9,200.97
04/10/2025 06:17,78.53,92.19,203.35,206.9,200.97
04/10/2025 12:22,78.53,92.19,203.35,206.9,200.97
04/10/2025 18:16,78.53,92.19,203.35,206.9,200.97
05/10/2025 01:04,78.53,92.19,203.35,206.9,200.97
05/10/2025 06:17,78.53,92.19,203.35,206.9,200.97
05/10/2025 12:22,78.53,92.19,203.35,206.9,200.97
05/10/2025 18:16,78.53,92.19,203.35,206.9,200.97
06/10/2025 01:00,78.53,92.19,203.35,206.9,200.97
06/10/2025 06:20,78.53,92.19,203.35,206.9,200.97
06/10/2025 12:26,78.53,92.19,203.35,206.9,200.97
06/10/2025 18:19,78.53,92.19,203.35,206.9,200.97
07/10/2025 00:59,78.53,92.19,203.35,206.9,200.97
07/10/2025 06:19,79.9,92.95,205.02,208.6,202.61
07/10/2025 12:27,79.9,92.95,205.02,208.6,202.61
07/10/2025 18:19,79.9,92.95,205.02,208.6,202.61
08/10/2025 00:58,78.6,91.64,202.14,205.67,199.77
08/10/2025 06:19,78.6,91.64,202.14,205.67,199.77
08/10/2025 12:27,78.6,91.64,202.14,205.67,199.77
08/10/2025 18:19,78.6,91.64,202.14,205.67,199.77
09/10/2025 00:59,78.6,91.64,202.14,205.67,199.77
09/10/2025 06:20,78.61,91.43,201.67,205.19,199.3
09/10/2025 12:26,78.61,91.43,201.67,205.19,199.3
09/10/2025 18:18,78.61,91.43,201.67,205.19,199.3
10/10/2025 00:59,78.79,91.11,200.97,204.48,198.61
10/10/2025 06:20,78.79,91.11,200.97,204.48,198.61
10/10/2025 12:27,78.79,91.11,200.97,204.48,198.61
10/10/2025 18:19,78.79,91.11,200.97,204.48,198.61
11/10/2025 00:56,79.69,92.55,204.13,207.69,201.73
11/10/2025 06:17,79.69,92.55,204.13,207.69,201.73
11/10/2025 12:22,79.69,92.55,204.13,207.69,201.73
11/10/2025 18:15,79.69,92.55,204.13,207.69,201.73
12/10/2025 01:02,79.69,92.55,204.13,207.69,201.73
12/10/2025 06:17,79.69,92.55,204.13,207.69,201.73
12/10/2025 12:22,79.69,92.55,204.13,207.69,201.73
12/10/2025 18:16,79.69,92.55,204.13,207.69,201.73
13/10/2025 01:03,79.69,92.55,204.13,207.69,201.73
13/10/2025 06:21,79.69,92.55,204.13,207.69,201.73
13/10/2025 12:27,79.69,92.55,204.13,207.69,201.73
13/10/2025 18:18,79.69,92.55,204.13,207.69,201.73
14/10/2025 00:59,78.75,91.08,200.91,204.41,198.55
14/10/2025 06:20,78.75,91.08,200.91,204.41,198.55
14/10/2025 12:28,78.75,91.08,200.91,204.41,198.55
14/10/2025 18:19,78.75,91.08,200.91,204.41,198.55
15/10/2025 01:01,77.29,89.66,197.76,201.22,195.44
15/10/2025 06:20,77.29,89.66,197.76,201.22,195.44
15/10/2025 12:28,77.29,89.66,197.76,201.22,195.44
15/10/2025 18:19,77.29,89.66,197.76,201.22,195.44
16/10/2025 01:00,77.47,90.22,199.0,202.47,196.66
16/10/2025 06:20,77.47,90.22,199.0,202.47,196.66
16/10/2025 12:28,77.47,90.22,199.0,202.47,196.66
16/10/2025 18:19,77.47,90.22,199.0,202.47,196.66
17/10/2025 01:00,78.65,92.02,202.96,206.5,200.57
17/10/2025 06:19,78.65,92.02,202.96,206.5,200.57
17/10/2025 12:26,78.65,92.02,202.96,206.5,200.57
17/10/2025 18:16,78.65,92.02,202.96,206.5,200.57
18/10/2025 00:57,79.01,92.19,203.34,206.89,200.96
18/10/2025 06:17,79.01,92.19,203.34,206.89,200.96
18/10/2025 12:23,79.01,92.19,203.34,206.89,200.96
18/10/2025 18:16,79.01,92.19,203.34,206.89,200.96
19/10/2025 01:07,79.01,92.19,203.34,206.89,200.96
19/10/2025 06:18,79.01,92.19,203.34,206.89,200.96
19/10/2025 12:23,79.01,92.19,203.34,206.89,200.96
19/10/2025 18:16,79.01,92.19,203.34,206.89,200.96
20/10/2025 01:05,79.01,92.19,203.34,206.89,200.96
20/10/2025 06:20,79.01,92.19,203.34,206.89,200.96
20/10/2025 12:28,79.01,92.19,203.34,206.89,200.96
20/10/2025 18:20,79.01,92.19,203.34,206.89,200.96
21/10/2025 01:02,79.01,92.19,203.34,206.89,200.96
21/10/2025 06:20,79.31,92.34,203.69,207.24,201.29
21/10/2025 12:28,79.31,92.34,203.69,207.24,201.29
21/10/2025 18:18,79.31,92.34,203.69,207.24,201.29
22/10/2025 01:03,79.31,92.34,203.69,207.24,201.29
22/10/2025 06:20,79.45,92.17,203.3,206.85,200.91
22/10/2025 12:28,79.45,92.17,203.3,206.85,200.91
22/10/2025 18:20,79.45,92.17,203.3,206.85,200.91
23/10/2025 01:01,78.89,91.59,202.03,205.56,199.66
23/10/2025 06:20,78.89,91.59,202.03,205.56,199.66
23/10/2025 12:27,78.89,91.59,202.03,205.56,199.66
23/10/2025 18:19,78.89,91.59,202.03,205.56,199.66
24/10/2025 00:58,78.61,91.32,201.43,204.94,199.06
24/10/2025 06:19,78.61,91.32,201.43,204.94,199.06
24/10/2025 12:28,78.61,91.32,201.43,204.94,199.06
24/10/2025 18:19,78.61,91.32,201.43,204.94,199.06
25/10/2025 00:59,78.41,91.16,201.06,204.57,198.7
25/10/2025 06:17,78.41,91.16,201.06,204.57,198.7
25/10/2025 12:22,78.41,91.16,201.06,204.57,198.7
25/10/2025 18:16,78.41,91.16,201.06,204.57,198.7
26/10/2025 01:05,78.41,91.16,201.06,204.57,198.7
26/10/2025 06:18,78.41,91.16,201.06,204.57,198.7
26/10/2025 12:23,78.41,91.16,201.06,204.57,198.7
26/10/2025 18:17,78.41,91.16,201.06,204.57,198.7
27/10/2025 01:07,78.41,91.16,201.06,204.57,198.7
27/10/2025 06:22,78.41,91.16,201.06,204.57,198.7
27/10/2025 12:27,78.41,91.16,201.06,204.57,198.7
27/10/2025 18:20,78.41,91.16,201.06,204.57,198.7
28/10/2025 01:00,77.64,90.36,199.3,202.78,196.96
28/10/2025 06:21,77.64,90.36,199.3,202.78,196.96
28/10/2025 12:26,77.64,90.36,199.3,202.78,196.96
28/10/2025 18:20,77.64,90.36,199.3,202.78,196.96
29/10/2025 01:04,78.19,91.13,201.0,204.51,198.65
29/10/2025 06:21,78.19,91.13,201.0,204.51,198.65
29/10/2025 12:28,78.19,91.13,201.0,204.51,198.65
29/10/2025 18:20,78.19,91.13,201.0,204.51,198.65
30/10/2025 01:04,78.64,91.28,201.34,204.85,198.97
30/10/2025 06:20,78.64,91.28,201.34,204.85,198.97
30/10/2025 12:27,78.64,91.28,201.34,204.85,198.97
30/10/2025 18:19,78.64,91.28,201.34,204.85,198.97
31/10/2025 01:02,79.06,91.47,201.75,205.28,199.39
31/10/2025 06:20,79.06,91.47,201.75,205.28,199.39
31/10/2025 12:27,79.06,91.47,201.75,205.28,199.39
31/10/2025 18:19,79.06,91.47,201.75,205.28,199.39
01/11/2025 01:06,78.57,90.61,199.87,203.36,197.52
01/11/2025 06:18,78.57,90.61,199.87,203.36,197.52
01/11/2025 12:23,78.57,90.61,199.87,203.36,197.52
01/11/2025 18:16,78.57,90.61,199.87,203.36,197.52
02/11/2025 01:07,78.57,90.61,199.87,203.36,197.52
02/11/2025 06:18,78.57,90.61,199.87,203.36,197.52
02/11/2025 12:23,78.57,90.61,199.87,203.36,197.52
02/11/2025 18:15,78.57,90.61,199.87,203.36,197.52
03/11/2025 01:05,78.57,90.61,199.87,203.36,197.52
03/11/2025 06:21,78.57,90.61,199.87,203.36,197.52
03/11/2025 12:28,78.57,90.61,199.87,203.36,197.52
03/11/2025 18:19,78.57,90.61,199.87,203.36,197.52
04/11/2025 01:03,78.57,90.61,199.87,203.36,197.52
04/11/2025 06:21,80.27,92.44,203.91,207.47,201.51
04/11/2025 12:29,80.27,92.44,203.91,207.47,201.51
04/11/2025 18:19,80.27,92.44,203.91,207.47,201.51
05/11/2025 01:04,80.27,92.44,203.91,207.47,201.51
05/11/2025 06:20,81.73,93.84,206.99,210.61,204.56
05/11/2025 12:27,81.73,93.84,206.99,210.61,204.56
05/11/2025 18:19,81.73,93.84,206.99,210.61,204.56
06/11/2025 01:03,81.73,93.84,206.99,210.61,204.56
06/11/2025 06:21,81.58,93.75,206.78,210.39,204.36
06/11/2025 12:27,81.58,93.75,206.78,210.39,204.36
06/11/2025 18:20,81.58,93.75,206.78,210.39,204.36
07/11/2025 01:03,80.68,93.17,205.49,209.08,203.08
07/11/2025 06:20,80.68,93.17,205.49,209.08,203.08
07/11/2025 12:26,80.68,93.17,205.49,209.08,203.08
07/11/2025 18:18,80.68,93.17,205.49,209.08,203.08
08/11/2025 01:00,80.05,92.61,204.27,207.84,201.87
08/11/2025 06:18,80.05,92.61,204.27,207.84,201.87
08/11/2025 12:23,80.05,92.61,204.27,207.84,201.87
08/11/2025 18:17,80.05,92.61,204.27,207.84,201.87
09/11/2025 01:06,80.05,92.61,204.27,207.84,201.87
09/11/2025 06:18,80.05,92.61,204.27,207.84,201.87
09/11/2025 12:23,80.05,92.61,204.27,207.84,201.87
09/11/2025 18:17,80.05,92.61,204.27,207.84,201.87
10/11/2025 01:06,80.05,92.61,204.27,207.84,201.87
10/11/2025 06:22,80.05,92.61,204.27,207.84,201.87
10/11/2025 12:28,80.05,92.61,204.27,207.84,201.87
10/11/2025 18:19,80.05,92.61,204.27,207.84,201.87
11/11/2025 01:04,80.05,92.61,204.27,207.84,201.87
11/11/2025 06:21,79.63,92.03,202.99,206.53,200.61
11/11/2025 12:27,79.63,92.03,202.99,206.53,200.61
11/11/2025 18:19,79.63,92.03,202.99,206.53,200.61
12/11/2025 01:03,79.63,92.03,202.99,206.53,200.61
12/11/2025 06:21,80.2,92.93,204.98,208.55,202.57
12/11/2025 12:28,80.2,92.93,204.98,208.55,202.57
12/11/2025 18:20,80.2,92.93,204.98,208.55,202.57
13/11/2025 01:04,80.2,92.93,204.98,208.55,202.57
13/11/2025 06:21,81.54,94.49,208.42,212.05,205.97
13/11/2025 12:28,81.54,94.49,208.42,212.05,205.97
13/11/2025 18:19,81.54,94.49,208.42,212.05,205.97
14/11/2025 01:03,81.54,94.49,208.42,212.05,205.97
14/11/2025 06:21,81.86,95.17,209.92,213.58,207.45
14/11/2025 12:27,81.86,95.17,209.92,213.58,207.45
14/11/2025 18:19,81.86,95.17,209.92,213.58,207.45
15/11/2025 01:02,81.03,94.19,207.77,211.39,205.33
15/11/2025 06:19,81.03,94.19,207.77,211.39,205.33
15/11/2025 12:23,81.03,94.19,207.77,211.39,205.33
15/11/2025 18:17,81.03,94.19,207.77,211.39,205.33
16/11/2025 01:08,81.03,94.19,207.77,211.39,205.33
16/11/2025 06:19,81.03,94.19,207.77,211.39,205.33
16/11/2025 12:24,81.03,94.19,207.77,211.39,205.33
16/11/2025 18:17,81.03,94.19,207.77,211.39,205.33
17/11/2025 01:05,81.03,94.19,207.77,211.39,205.33
17/11/2025 06:21,81.03,94.19,207.77,211.39,205.33
17/11/2025 12:28,81.03,94.19,207.77,211.39,205.33
17/11/2025 18:19,81.03,94.19,207.77,211.39,205.33
18/11/2025 01:03,81.03,94.19,207.77,211.39,205.33
18/11/2025 06:20,80.61,93.44,206.09,209.69,203.67
18/11/2025 12:28,80.61,93.44,206.09,209.69,203.67
18/11/2025 18:20,80.61,93.44,206.09,209.69,203.67
19/11/2025 01:03,80.48,93.19,205.55,209.14,203.14
19/11/2025 06:20,80.48,93.19,205.55,209.14,203.14
19/11/2025 12:28,80.48,93.19,205.55,209.14,203.14
19/11/2025 18:20,80.48,93.19,205.55,209.14,203.14
20/11/2025 01:02,80.48,93.19,205.55,209.14,203.14
20/11/2025 06:20,80.92,93.38,205.96,209.55,203.54
20/11/2025 12:28,80.92,93.38,205.96,209.55,203.54
20/11/2025 18:20,80.92,93.38,205.96,209.55,203.54
21/11/2025 01:03,80.92,93.38,205.96,209.55,203.54
21/11/2025 06:21,81.28,93.74,206.76,210.37,204.33
21/11/2025 12:26,81.28,93.74,206.76,210.37,204.33
21/11/2025 18:19,81.28,93.74,206.76,210.37,204.33
22/11/2025 01:01,81.28,93.74,206.76,210.37,204.33
22/11/2025 06:18,80.52,92.77,204.61,208.18,202.21
22/11/2025 12:23,80.52,92.77,204.61,208.18,202.21
22/11/2025 18:17,80.52,92.77,204.61,208.18,202.21
23/11/2025 01:12,80.52,92.77,204.61,208.18,202.21
23/11/2025 06:19,80.52,92.77,204.61,208.18,202.21
23/11/2025 12:23,80.52,92.77,204.61,208.18,202.21
23/11/2025 18:18,80.52,92.77,204.61,208.18,202.21
24/11/2025 01:08,80.52,92.77,204.61,208.18,202.21
24/11/2025 06:22,80.52,92.77,204.61,208.18,202.21
24/11/2025 12:28,80.52,92.77,204.61,208.18,202.21
24/11/2025 18:21,80.52,92.77,204.61,208.18,202.21
25/11/2025 01:03,80.52,92.77,204.61,208.18,202.21
25/11/2025 06:21,80.2,92.42,203.84,207.4,201.45
25/11/2025 12:29,80.2,92.42,203.84,207.4,201.45
25/11/2025 18:21,80.2,92.42,203.84,207.4,201.45
26/11/2025 01:04,80.2,92.42,203.84,207.4,201.45
26/11/2025 06:21,81.31,94.04,207.42,211.04,204.99
26/11/2025 12:29,81.31,94.04,207.42,211.04,204.99
26/11/2025 18:17,81.31,94.04,207.42,211.04,204.99
27/11/2025 01:03,81.83,94.88,209.28,212.93,206.82
27/11/2025 06:22,81.83,94.88,209.28,212.93,206.82
27/11/2025 12:28,81.83,94.88,209.28,212.93,206.82
27/11/2025 18:19,81.83,94.88,209.28,212.93,206.82
28/11/2025 01:01,81.83,94.88,209.28,212.93,206.82
28/11/2025 06:22,81.76,94.81,209.12,212.77,206.67
28/11/2025 12:27,81.76,94.81,209.12,212.77,206.67
28/11/2025 18:19,81.76,94.81,209.12,212.77,206.67
29/11/2025 01:02,82.79,96.06,211.89,215.59,209.4
29/11/2025 06:19,82.79,96.06,211.89,215.59,209.4
29/11/2025 12:25,82.79,96.06,211.89,215.59,209.4
29/11/2025 18:18,82.79,96.06,211.89,215.59,209.4
30/11/2025 01:11,82.79,96.06,211.89,215.59,209.4
30/11/2025 06:20,82.79,96.06,211.89,215.59,209.4
30/11/2025 12:25,82.79,96.06,211.89,215.59,209.4
30/11/2025 18:18,82.79,96.06,211.89,215.59,209.4
01/12/2025 01:16,82.79,96.06,211.89,215.59,209.4
01/12/2025 06:23,82.79,96.06,211.89,215.59,209.4
01/12/2025 12:29,82.79,96.06,211.89,215.59,209.4
01/12/2025 18:22,82.79,96.06,211.89,215.59,209.4
02/12/2025 01:05,82.94,96.3,212.4,216.1,209.9
02/12/2025 06:23,82.94,96.3,212.4,216.1,209.9
02/12/2025 12:29,82.94,96.3,212.4,216.1,209.9
02/12/2025 18:22,82.94,96.3,212.4,216.1,209.9
03/12/2025 01:06,82.94,96.3,212.4,216.1,209.9
03/12/2025 06:22,82.56,95.97,211.68,215.38,209.19
03/12/2025 12:29,82.56,95.97,211.68,215.38,209.19
03/12/2025 18:21,82.56,95.97,211.68,215.38,209.19
04/12/2025 01:05,82.56,95.97,211.68,215.38,209.19
04/12/2025 06:22,81.78,95.43,210.49,214.16,208.02
04/12/2025 12:30,81.78,95.43,210.49,214.16,208.02
04/12/2025 18:22,81.78,95.43,210.49,214.16,208.02
05/12/2025 01:06,81.97,95.43,210.49,214.16,208.02
05/12/2025 06:22,81.97,95.43,210.49,214.16,208.02
05/12/2025 12:28,81.97,95.43,210.49,214.16,208.02
05/12/2025 18:18,81.97,95.43,210.49,214.16,208.02
06/12/2025 01:02,81.97,95.43,210.49,214.16,208.02
06/12/2025 06:19,82.14,95.64,210.95,214.63,208.48
06/12/2025 12:25,82.14,95.64,210.95,214.63,208.48
06/12/2025 18:18,82.14,95.64,210.95,214.63,208.48
07/12/2025 01:12,82.14,95.64,210.95,214.63,208.48
07/12/2025 06:19,82.14,95.64,210.95,214.63,208.48
07/12/2025 12:24,82.14,95.64,210.95,214.63,208.48
07/12/2025 18:18,82.14,95.64,210.95,214.63,208.48
08/12/2025 01:06,82.14,95.64,210.95,214.63,208.48
08/12/2025 06:24,82.14,95.64,210.95,214.63,208.48
08/12/2025 12:29,82.14,95.64,210.95,214.63,208.48
08/12/2025 18:21,82.14,95.64,210.95,214.63,208.48
09/12/2025 01:05,82.12,95.58,210.81,214.49,208.33
09/12/2025 06:22,82.12,95.58,210.81,214.49,208.33
09/12/2025 12:29,82.12,95.58,210.81,214.49,208.33
09/12/2025 18:18,82.12,95.58,210.81,214.49,208.33
10/12/2025 01:07,82.12,95.58,210.81,214.49,208.33
10/12/2025 06:23,82.42,95.82,211.35,215.04,208.87
10/12/2025 12:29,82.42,95.82,211.35,215.04,208.87
10/12/2025 18:21,82.42,95.82,211.35,215.04,208.87
11/12/2025 01:08,82.41,96.08,211.92,215.62,209.44
11/12/2025 06:23,82.41,96.08,211.92,215.62,209.44
11/12/2025 12:30,82.41,96.08,211.92,215.62,209.44
11/12/2025 18:20,82.41,96.08,211.92,215.62,209.44
12/12/2025 01:08,82.41,96.08,211.92,215.62,209.44
12/12/2025 06:23,83.71,98.16,216.5,220.28,213.96
12/12/2025 12:29,83.71,98.16,216.5,220.28,213.96
12/12/2025 18:21,83.71,98.16,216.5,220.28,213.96
13/12/2025 01:03,83.71,98.16,216.5,220.28,213.96
13/12/2025 06:20,83.9,98.56,217.38,221.18,214.83
13/12/2025 12:25,83.9,98.56,217.38,221.18,214.83
13/12/2025 18:18,83.9,98.56,217.38,221.18,214.83
14/12/2025 01:12,83.9,98.56,217.38,221.18,214.83
14/12/2025 06:20,83.9,98.56,217.38,221.18,214.83
14/12/2025 12:25,83.9,98.56,217.38,221.18,214.83
14/12/2025 18:19,83.9,98.56,217.38,221.18,214.83
15/12/2025 01:10,83.9,98.56,217.38,221.18,214.83
15/12/2025 06:25,83.9,98.56,217.38,221.18,214.83
15/12/2025 12:32,83.9,98.56,217.38,221.18,214.83
15/12/2025 18:21,83.9,98.56,217.38,221.18,214.83
16/12/2025 01:08,83.9,98.56,217.38,221.18,214.83
16/12/2025 06:23,84.59,99.32,219.07,222.89,216.5
16/12/2025 12:30,84.59,99.32,219.07,222.89,216.5
16/12/2025 18:22,84.59,99.32,219.07,222.89,216.5
17/12/2025 01:03,84.59,99.32,219.07,222.89,216.5
17/12/2025 06:22,84.59,99.32,219.07,222.89,216.5
17/12/2025 12:30,84.59,99.32,219.07,222.89,216.5
17/12/2025 18:22,84.59,99.32,219.07,222.89,216.5
18/12/2025 01:04,84.59,99.32,219.07,222.89,216.5
18/12/2025 06:22,84.59,99.32,219.07,222.89,216.5
18/12/2025 12:29,84.59,99.32,219.07,222.89,216.5
18/12/2025 18:21,84.59,99.32,219.07,222.89,216.5
19/12/2025 01:08,81.94,96.05,211.86,215.56,209.37
19/12/2025 06:22,81.94,96.05,211.86,215.56,209.37
19/12/2025 12:28,84.34,98.88,218.1,221.9,215.53
19/12/2025 18:20,84.34,98.88,218.1,221.9,215.53
20/12/2025 01:03,84.65,99.16,218.72,222.53,216.15
20/12/2025 06:21,84.65,99.16,218.72,222.53,216.15
20/12/2025 12:25,84.65,99.16,218.72,222.53,216.15
20/12/2025 18:18,84.65,99.16,218.72,222.53,216.15
21/12/2025 01:12,84.65,99.16,218.72,222.53,216.15
21/12/2025 06:21,84.65,99.16,218.72,222.53,216.15
21/12/2025 12:26,84.65,99.16,218.72,222.53,216.15
21/12/2025 18:19,84.65,99.16,218.72,222.53,216.15
22/12/2025 01:10,84.65,99.16,218.72,222.53,216.15
22/12/2025 06:25,84.65,99.16,218.72,222.53,216.15
22/12/2025 12:29,84.65,99.16,218.72,222.53,216.15
22/12/2025 18:21,84.65,99.16,218.72,222.53,216.15
23/12/2025 01:07,84.65,99.16,218.72,222.53,216.15
23/12/2025 06:23,85.27,100.33,221.28,225.14,218.68
23/12/2025 12:29,85.27,100.33,221.28,225.14,218.68
23/12/2025 18:21,85.27,100.33,221.28,225.14,218.68
24/12/2025 01:07,86.66,102.17,225.37,229.3,222.72
24/12/2025 06:23,86.66,102.17,225.37,229.3,222.72
24/12/2025 12:29,86.66,102.17,225.37,229.3,222.72
24/12/2025 18:20,86.66,102.17,225.37,229.3,222.72
25/12/2025 01:07,86.25,101.56,224.0,227.91,221.37
25/12/2025 06:23,86.25,101.56,224.0,227.91,221.37
25/12/2025 12:28,86.25,101.56,224.0,227.91,221.37
25/12/2025 18:20,86.25,101.56,224.0,227.91,221.37
26/12/2025 01:08,86.25,101.56,224.0,227.91,221.37
26/12/2025 06:22,86.25,101.56,224.0,227.91,221.37
26/12/2025 12:28,86.25,101.56,224.0,227.91,221.37
26/12/2025 18:20,86.25,101.56,224.0,227.91,221.37
27/12/2025 01:06,86.25,101.56,224.0,227.91,221.37
27/12/2025 06:21,86.25,101.56,224.13,228.04,221.5
27/12/2025 12:26,86.25,101.56,224.13,228.04,221.5
27/12/2025 18:19,86.25,101.56,224.13,228.04,221.5
28/12/2025 01:16,86.25,101.56,224.13,228.04,221.5
28/12/2025 06:21,86.25,101.56,224.13,228.04,221.5
28/12/2025 12:27,86.25,101.56,224.13,228.04,221.5
28/12/2025 18:20,86.25,101.56,224.13,228.04,221.5
29/12/2025 01:13,86.25,101.56,224.13,228.04,221.5
29/12/2025 06:25,86.25,101.56,224.13,228.04,221.5
29/12/2025 12:30,86.25,101.56,224.13,228.04,221.5
29/12/2025 18:21,86.25,101.56,224.13,228.04,221.5
30/12/2025 01:08,86.25,101.56,224.13,228.04,221.5
30/12/2025 06:23,85.81,101.02,222.82,226.71,220.2
30/12/2025 12:30,85.81,101.02,222.82,226.71,220.2
30/12/2025 18:21,85.81,101.02,222.82,226.71,220.2
31/12/2025 01:09,85.14,100.03,220.64,224.49,218.04
31/12/2025 06:23,85.14,100.03,220.64,224.49,218.04
31/12/2025 12:29,85.14,100.03,220.64,224.49,218.04
31/12/2025 18:20,85.14,100.03,220.64,224.49,218.04
01/01/2026 01:16,85.02,99.75,220.01,223.85,217.42
01/01/2026 06:23,85.02,99.75,220.01,223.85,217.42
01/01/2026 12:29,85.02,99.75,220.01,223.85,217.42
01/01/2026 18:20,85.02,99.75,220.01,223.85,217.42
02/01/2026 01:09,85.02,99.75,220.01,223.85,217.42
02/01/2026 06:23,85.54,100.51,321.63,327.16,317.91
02/01/2026 12:28,85.54,100.51,321.63,327.16,317.91
02/01/2026 18:21,85.54,100.51,321.63,327.16,317.91
03/01/2026 01:05,86.71,101.7,325.46,331.05,321.69
03/01/2026 06:22,86.71,101.7,325.46,331.05,321.69
03/01/2026 12:26,86.71,101.7,325.46,331.05,321.69
03/01/2026 18:19,86.71,101.7,325.46,331.05,321.69
04/01/2026 01:16,86.71,101.7,325.46,331.05,321.69
04/01/2026 06:21,86.71,101.7,325.46,331.05,321.69
04/01/2026 12:27,86.71,101.7,325.46,331.05,321.69
04/01/2026 18:20,86.71,101.7,325.46,331.05,321.69
05/01/2026 01:15,86.71,101.7,325.46,331.05,321.69
05/01/2026 06:28,86.71,101.7,325.46,331.05,321.69
05/01/2026 12:32,86.71,101.7,325.46,331.05,321.69
05/01/2026 18:23,86.71,101.7,325.46,331.05,321.69
06/01/2026 01:09,86.16,101.01,323.23,328.79,319.5
06/01/2026 06:23,86.16,101.01,323.23,328.79,319.5
06/01/2026 12:30,86.16,101.01,323.23,328.79,319.5
06/01/2026 18:21,86.16,101.01,323.23,328.79,319.5
07/01/2026 01:10,86.16,101.01,323.23,328.79,319.5
07/01/2026 06:24,86.11,100.64,322.06,327.6,318.34
07/01/2026 12:31,86.11,100.64,322.06,327.6,318.34
07/01/2026 18:22,86.11,100.64,322.06,327.6,318.34
08/01/2026 01:10,86.11,100.64,322.06,327.6,318.34
08/01/2026 06:24,86.6,101.16,323.71,329.28,319.97
08/01/2026 12:31,86.6,101.16,323.71,329.28,319.97
08/01/2026 18:19,86.6,101.16,323.71,329.28,319.97
09/01/2026 01:10,86.6,101.16,323.71,329.28,319.97
09/01/2026 06:23,86.09,100.33,321.06,326.57,317.34
09/01/2026 12:30,86.09,100.33,321.06,326.57,317.34
09/01/2026 18:22,86.09,100.33,321.06,326.57,317.34
10/01/2026 01:07,87.19,101.44,324.62,330.2,320.87
10/01/2026 06:21,87.19,101.44,324.62,330.2,320.87
10/01/2026 12:26,87.19,101.44,324.62,330.2,320.87
10/01/2026 18:20,87.19,101.44,324.62,330.2,320.87
11/01/2026 01:16,87.19,101.44,324.62,330.2,320.87
11/01/2026 06:22,87.19,101.44,324.62,330.2,320.87
11/01/2026 12:27,87.19,101.44,324.62,330.2,320.87
11/01/2026 18:19,87.19,101.44,324.62,330.2,320.87
12/01/2026 01:13,87.19,101.44,324.62,330.2,320.87
12/01/2026 06:27,87.19,101.44,324.62,330.2,320.87
12/01/2026 12:32,87.19,101.44,324.62,330.2,320.87
12/01/2026 18:23,87.19,101.44,324.62,330.2,320.87
13/01/2026 01:06,88.28,103.01,329.63,335.3,325.82
13/01/2026 06:24,88.28,103.01,329.63,335.3,325.82
13/01/2026 12:31,88.28,103.01,329.63,335.3,325.82
13/01/2026 18:23,88.28,103.01,329.63,335.3,325.82
14/01/2026 01:12,88.28,103.01,329.63,335.3,325.82
14/01/2026 06:24,88.98,103.62,331.58,337.28,327.75
14/01/2026 12:31,88.98,103.62,331.58,337.28,327.75
14/01/2026 18:23,88.98,103.62,331.58,337.28,327.75
15/01/2026 01:08,88.98,103.62,331.58,337.28,327.75
15/01/2026 06:23,89.39,104.1,333.12,338.85,329.27
15/01/2026 12:30,89.39,104.1,333.12,338.85,329.27
15/01/2026 18:27,89.39,104.1,333.12,338.85,329.27
16/01/2026 01:10,91.01,105.66,338.11,343.92,334.2
16/01/2026 06:24,91.01,105.66,338.11,343.92,334.2
16/01/2026 12:29,91.01,105.66,338.11,343.92,334.2
16/01/2026 18:22,91.01,105.66,338.11,343.92,334.2
17/01/2026 01:07,92.69,107.5,344.02,349.93,340.04
17/01/2026 06:21,92.69,107.5,344.02,349.93,340.04
17/01/2026 12:26,92.69,107.5,344.02,349.93,340.04
17/01/2026 18:19,92.69,107.5,344.02,349.93,340.04
18/01/2026 01:15,92.69,107.5,344.02,349.93,340.04
18/01/2026 06:22,92.69,107.5,344.02,349.93,340.04
18/01/2026 12:27,92.69,107.5,344.02,349.93,340.04
18/01/2026 18:19,92.69,107.5,344.02,349.93,340.04
19/01/2026 01:14,92.69,107.5,344.02,349.93,340.04
19/01/2026 06:28,92.69,107.5,344.02,349.93,340.04
19/01/2026 12:34,92.69,107.5,344.02,349.93,340.04
19/01/2026 18:22,92.69,107.5,344.02,349.93,340.04
20/01/2026 01:09,92.69,107.5,344.02,349.93,340.04
20/01/2026 06:26,89.11,103.77,332.06,337.77,328.22
20/01/2026 12:34,89.11,103.77,332.06,337.77,328.22
20/01/2026 18:26,89.11,103.77,332.06,337.77,328.22
21/01/2026 01:12,89.11,103.77,332.06,337.77,328.22
21/01/2026 06:26,89.11,103.77,332.06,337.77,328.22
21/01/2026 12:34,86.16,101.02,323.26,328.82,319.53
21/01/2026 18:33,86.16,101.02,323.26,328.82,319.53
22/01/2026 01:12,86.16,101.02,323.26,328.82,319.53
22/01/2026 06:25,85.93,100.5,321.62,327.14,317.9
22/01/2026 12:33,85.93,100.5,321.62,327.14,317.9
22/01/2026 18:22,85.93,100.5,321.62,327.14,317.9
23/01/2026 01:11,85.93,100.5,321.62,327.14,317.9
23/01/2026 06:24,87.01,102.18,326.98,332.6,323.19
23/01/2026 12:32,87.01,102.18,326.98,332.6,323.19
23/01/2026 18:23,87.01,102.18,326.98,332.6,323.19
24/01/2026 01:08,87.01,102.18,326.98,332.6,323.19
24/01/2026 06:22,87.22,103.17,330.13,335.8,326.31
24/01/2026 12:27,87.22,103.17,330.13,335.8,326.31
24/01/2026 18:20,87.22,103.17,330.13,335.8,326.31
25/01/2026 01:17,87.22,103.17,330.13,335.8,326.31
25/01/2026 06:22,87.22,103.17,330.13,335.8,326.31
25/01/2026 12:28,87.22,103.17,330.13,335.8,326.31
25/01/2026 18:20,87.22,103.17,330.13,335.8,326.31
26/01/2026 01:16,87.22,103.17,330.13,335.8,326.31
26/01/2026 06:27,87.22,103.17,330.13,335.8,326.31
26/01/2026 12:32,87.22,103.17,330.13,335.8,326.31
26/01/2026 18:25,87.22,103.17,330.13,335.8,326.31
27/01/2026 01:16,87.22,103.17,330.13,335.8,326.31
27/01/2026 06:25,87.81,104.28,333.7,339.43,329.84
27/01/2026 12:33,87.81,104.28,333.7,339.43,329.84
27/01/2026 18:29,87.81,104.28,333.7,339.43,329.84
28/01/2026 01:11,88.04,105.44,337.41,343.21,333.51
28/01/2026 06:26,88.04,105.44,337.41,343.21,333.51
28/01/2026 12:34,88.04,105.44,337.41,343.21,333.51
28/01/2026 18:28,88.04,105.44,337.41,343.21,333.51
29/01/2026 01:21,87.15,104.38,334.02,339.76,330.15
29/01/2026 06:37,87.15,104.38,334.02,339.76,330.15
29/01/2026 12:39,87.15,104.38,334.02,339.76,330.15
29/01/2026 18:34,87.15,104.38,334.02,339.76,330.15
30/01/2026 01:21,87.15,104.38,334.02,339.76,330.15
30/01/2026 06:38,84.74,101.34,324.3,329.88,320.55
30/01/2026 12:37,84.74,101.34,324.3,329.88,320.55
30/01/2026 18:32,84.74,101.34,324.3,329.88,320.55
31/01/2026 01:18,82.33,97.59,312.3,317.67,308.69
31/01/2026 06:29,82.33,97.59,312.3,317.67,308.69
31/01/2026 12:31,82.33,97.59,312.3,317.67,308.69
31/01/2026 18:21,82.33,97.59,312.3,317.67,308.69
01/02/2026 01:44,82.33,97.59,312.3,317.67,308.69
01/02/2026 06:40,82.33,97.59,312.3,317.67,308.69
01/02/2026 12:33,82.33,97.59,312.3,317.67,308.69
01/02/2026 18:24,82.33,97.59,312.3,317.67,308.69
02/02/2026 01:25,82.33,97.59,312.3,317.67,308.69
02/02/2026 06:55,82.33,97.59,312.3,317.67,308.69
02/02/2026 12:41,82.33,97.59,312.3,317.67,308.69
02/02/2026 18:33,82.33,97.59,312.3,317.67,308.69
03/02/2026 01:25,81.81,96.53,308.9,314.2,305.32
03/02/2026 06:40,81.81,96.53,308.9,314.2,305.32
03/02/2026 12:41,81.81,96.53,308.9,314.2,305.32
